at,at@example.com,57
ay,ay@example.com,3
hurt,hurt@example.com,5
brothel,brothel@example.com,1
aidant,aidant@example.com,1
wills,wills@example.com,1
radiance,radiance@example.com,1
quicken,quicken@example.com,1
food,food@example.com,6
vent,vent@example.com,1
thunder,thunder@example.com,7
Giving,Giving@example.com,4
Though,Though@example.com,7
never,never@example.com,26
affirm,affirm@example.com,1
fa,fa@example.com,1
burst,burst@example.com,2
ch,ch@example.com,1
necessity,necessity@example.com,2
lamentable,lamentable@example.com,1
plot,plot@example.com,3
attended,attended@example.com,1
skill,skill@example.com,1
unfee,unfee@example.com,1
kept,kept@example.com,1
Appear,Appear@example.com,1
withdraw,withdraw@example.com,1
pinched,pinched@example.com,1
Farewell,Farewell@example.com,2
issue,issue@example.com,4
likely,likely@example.com,1
Ready,Ready@example.com,1
orbs,orbs@example.com,1
become,become@example.com,2
rascal,rascal@example.com,6
noses,noses@example.com,2
Use,Use@example.com,2
suggestion,suggestion@example.com,1
off,off@example.com,18
disposition,disposition@example.com,5
second,second@example.com,1
while,while@example.com,2
porter,porter@example.com,1
fasten,fasten@example.com,1
lenders,lenders@example.com,1
eldest,eldest@example.com,2
my,my@example.com,402
follows,follows@example.com,5
hourly,hourly@example.com,3
villanous,villanous@example.com,1
no,no@example.com,94
on,on@example.com,101
guardians,guardians@example.com,1
oil,oil@example.com,1
luxury,luxury@example.com,1
lands,lands@example.com,1
speaking,speaking@example.com,3
proclamation,proclamation@example.com,1
they,they@example.com,51
intelligent,intelligent@example.com,2
ancient,ancient@example.com,5
couriers,couriers@example.com,1
belly,belly@example.com,2
whilst,whilst@example.com,1
unsubstantial,unsubstantial@example.com,1
pierce,pierce@example.com,3
st,st@example.com,29
heed,heed@example.com,2
Plate,Plate@example.com,1
sung,sung@example.com,1
country,country@example.com,2
Interest,Interest@example.com,1
lick,lick@example.com,1
smiling,smiling@example.com,1
Himself,Himself@example.com,2
enkindle,enkindle@example.com,1
Please,Please@example.com,1
support,support@example.com,3
changed,changed@example.com,5
yoke,yoke@example.com,1
prophets,prophets@example.com,1
indisposed,indisposed@example.com,1
ceremonious,ceremonious@example.com,1
held,held@example.com,1
uncovered,uncovered@example.com,1
machination,machination@example.com,1
mildness,mildness@example.com,1
Blasts,Blasts@example.com,1
proof,proof@example.com,4
exist,exist@example.com,1
scape,scape@example.com,5
eminence,eminence@example.com,2
ghost,ghost@example.com,1
barber,barber@example.com,1
dare,dare@example.com,5
robed,robed@example.com,1
mingle,mingle@example.com,1
asses,asses@example.com,1
woundings,woundings@example.com,1
drum,drum@example.com,9
own,own@example.com,25
Touches,Touches@example.com,1
bearer,bearer@example.com,1
rivers,rivers@example.com,1
like,like@example.com,46
proposed,proposed@example.com,1
purposes,purposes@example.com,3
hers,hers@example.com,4
tempest,tempest@example.com,4
daub,daub@example.com,2
revenues,revenues@example.com,1
nose,nose@example.com,3
intends,intends@example.com,2
wretchedness,wretchedness@example.com,1
without,without@example.com,6
slower,slower@example.com,1
govern,govern@example.com,3
victor,victor@example.com,1
felicitate,felicitate@example.com,1
Knowing,Knowing@example.com,1
devise,devise@example.com,1
tadpole,tadpole@example.com,1
much,much@example.com,30
arrives,arrives@example.com,1
poise,poise@example.com,1
licensed,licensed@example.com,1
cackling,cackling@example.com,1
days,days@example.com,3
yours,yours@example.com,4
badness,badness@example.com,2
undone,undone@example.com,1
avert,avert@example.com,1
rivall,rivall@example.com,1
Brother,Brother@example.com,2
fated,fated@example.com,1
strange,strange@example.com,10
Above,Above@example.com,1
Repose,Repose@example.com,1
live,live@example.com,13
plaited,plaited@example.com,1
cowardly,cowardly@example.com,1
lady,lady@example.com,22
bleeding,bleeding@example.com,2
moiety,moiety@example.com,1
wage,wage@example.com,2
proceed,proceed@example.com,2
understand,understand@example.com,3
confirmation,confirmation@example.com,1
despair,despair@example.com,3
doubted,doubted@example.com,1
peep,peep@example.com,1
instant,instant@example.com,7
soliciting,soliciting@example.com,1
Ourself,Ourself@example.com,1
chide,chide@example.com,1
wake,wake@example.com,3
DUKE,DUKE@example.com,3
judgment,judgment@example.com,6
Seeing,Seeing@example.com,1
snow,snow@example.com,2
tempt,tempt@example.com,1
evil,evil@example.com,4
harmful,harmful@example.com,2
lake,lake@example.com,1
perused,perused@example.com,1
Blanket,Blanket@example.com,1
Through,Through@example.com,2
kicked,kicked@example.com,1
labours,labours@example.com,2
pell,pell@example.com,1
crowns,crowns@example.com,3
eels,eels@example.com,1
liberty,liberty@example.com,2
welcome,welcome@example.com,5
circle,circle@example.com,1
offend,offend@example.com,4
nobles,nobles@example.com,2
EDGAR,EDGAR@example.com,126
charity,charity@example.com,4
disquantity,disquantity@example.com,1
Crack,Crack@example.com,1
Lending,Lending@example.com,1
secure,secure@example.com,1
Fetch,Fetch@example.com,3
incite,incite@example.com,1
hay,hay@example.com,1
rarest,rarest@example.com,1
secrets,secrets@example.com,1
measure,measure@example.com,2
warm,warm@example.com,5
tike,tike@example.com,1
wars,wars@example.com,1
Singing,Singing@example.com,3
Enter,Enter@example.com,63
disease,disease@example.com,2
dried,dried@example.com,1
wages,wages@example.com,1
Cunning,Cunning@example.com,1
buzz,buzz@example.com,1
dominions,dominions@example.com,1
offence,offence@example.com,7
Prosper,Prosper@example.com,1
dowerless,dowerless@example.com,2
wawl,wawl@example.com,1
awhile,awhile@example.com,4
impertinency,impertinency@example.com,1
Monster,Monster@example.com,1
desire,desire@example.com,3
Wantest,Wantest@example.com,1
swore,swore@example.com,1
Quite,Quite@example.com,1
Unburthen,Unburthen@example.com,1
him,him@example.com,198
bear,bear@example.com,15
whither,whither@example.com,1
grossly,grossly@example.com,1
Lear,Lear@example.com,21
vows,vows@example.com,1
their,their@example.com,60
beguile,beguile@example.com,1
deserve,deserve@example.com,2
philosopher,philosopher@example.com,3
striving,striving@example.com,1
garters,garters@example.com,1
monstrous,monstrous@example.com,3
Makest,Makest@example.com,1
DRAMATIS,DRAMATIS@example.com,1
diligence,diligence@example.com,2
soft,soft@example.com,2
Idle,Idle@example.com,1
neither,neither@example.com,7
Bethink,Bethink@example.com,1
begs,begs@example.com,1
hereafter,hereafter@example.com,1
abuses,abuses@example.com,1
erwatch,erwatch@example.com,1
begg,begg@example.com,1
passio,passio@example.com,1
meet,meet@example.com,8
calls,calls@example.com,5
purse,purse@example.com,6
thrive,thrive@example.com,5
tale,tale@example.com,3
talk,talk@example.com,6
Fools,Fools@example.com,2
appertains,appertains@example.com,1
slanders,slanders@example.com,1
trow,trow@example.com,1
owest,owest@example.com,2
Prepare,Prepare@example.com,2
winged,winged@example.com,1
home,home@example.com,10
marching,marching@example.com,1
ransom,ransom@example.com,1
blame,blame@example.com,8
quakes,quakes@example.com,1
action,action@example.com,2
manifold,manifold@example.com,2
operative,operative@example.com,1
Hark,Hark@example.com,3
pight,pight@example.com,1
beggars,beggars@example.com,3
Still,Still@example.com,2
eight,eight@example.com,2
health,health@example.com,3
gathers,gathers@example.com,1
return,return@example.com,9
whereupon,whereupon@example.com,1
find,find@example.com,16
fine,fine@example.com,2
Have,Have@example.com,12
film,film@example.com,1
friends,friends@example.com,8
pleasant,pleasant@example.com,2
flaws,flaws@example.com,1
convenient,convenient@example.com,3
soundest,soundest@example.com,1
transform,transform@example.com,1
strife,strife@example.com,2
Sarum,Sarum@example.com,1
Create,Create@example.com,1
thyself,thyself@example.com,5
Pray,Pray@example.com,8
cover,cover@example.com,3
sliver,sliver@example.com,1
fire,fire@example.com,15
tardiness,tardiness@example.com,1
Strip,Strip@example.com,1
enridged,enridged@example.com,1
unless,unless@example.com,1
enguard,enguard@example.com,1
invade,invade@example.com,1
operation,operation@example.com,1
fish,fish@example.com,1
simular,simular@example.com,1
melancholy,melancholy@example.com,1
zed,zed@example.com,1
spill,spill@example.com,1
slept,slept@example.com,2
admirable,admirable@example.com,1
conflict,conflict@example.com,2
lowness,lowness@example.com,1
madness,madness@example.com,4
again,again@example.com,19
prick,prick@example.com,1
Dogs,Dogs@example.com,1
ungovern,ungovern@example.com,1
Away,Away@example.com,7
dressed,dressed@example.com,2
politic,politic@example.com,1
doors,doors@example.com,3
Out,Out@example.com,5
seize,seize@example.com,2
distress,distress@example.com,1
steep,steep@example.com,1
Burgundy,Burgundy@example.com,12
cannot,cannot@example.com,18
Wisdom,Wisdom@example.com,1
frog,frog@example.com,1
astronomical,astronomical@example.com,1
likeness,likeness@example.com,1
Jesters,Jesters@example.com,1
advice,advice@example.com,1
pelting,pelting@example.com,2
jealous,jealous@example.com,2
death,death@example.com,20
Leaving,Leaving@example.com,1
sisters,sisters@example.com,11
fortune,fortune@example.com,15
fishermen,fishermen@example.com,1
Abhorred,Abhorred@example.com,1
spouse,spouse@example.com,1
paternal,paternal@example.com,1
Milk,Milk@example.com,1
grief,grief@example.com,7
rat,rat@example.com,2
charges,charges@example.com,1
advancement,advancement@example.com,1
endure,endure@example.com,5
disquietly,disquietly@example.com,1
posted,posted@example.com,1
eyeless,eyeless@example.com,3
disdain,disdain@example.com,2
swine,swine@example.com,1
Goneril,Goneril@example.com,12
Doth,Doth@example.com,3
Sennet,Sennet@example.com,1
pots,pots@example.com,1
post,post@example.com,2
imperfections,imperfections@example.com,1
its,its@example.com,1
spake,spake@example.com,2
retreat,retreat@example.com,1
choose,choose@example.com,2
dues,dues@example.com,1
clovest,clovest@example.com,1
miles,miles@example.com,1
jest,jest@example.com,1
truth,truth@example.com,7
rid,rid@example.com,1
obedience,obedience@example.com,5
property,property@example.com,1
Witness,Witness@example.com,1
tough,tough@example.com,2
whistle,whistle@example.com,2
other,other@example.com,23
disclaims,disclaims@example.com,1
tranced,tranced@example.com,1
intermission,intermission@example.com,1
sacred,sacred@example.com,1
royal,royal@example.com,5
body,body@example.com,9
cage,cage@example.com,1
dislocate,dislocate@example.com,1
alas,alas@example.com,1
touch,touch@example.com,3
monthly,monthly@example.com,1
rod,rod@example.com,1
mills,mills@example.com,1
rot,rot@example.com,1
reason,reason@example.com,13
taste,taste@example.com,5
nativity,nativity@example.com,1
prayers,prayers@example.com,2
Shake,Shake@example.com,1
Repair,Repair@example.com,1
dung,dung@example.com,1
rings,rings@example.com,1
Feel,Feel@example.com,1
taken,taken@example.com,3
came,came@example.com,13
grace,grace@example.com,19
broken,broken@example.com,2
call,call@example.com,20
fitter,fitter@example.com,1
strength,strength@example.com,5
run,run@example.com,5
exeunt,exeunt@example.com,1
piteous,piteous@example.com,1
yourself,yourself@example.com,9
watches,watches@example.com,1
flattering,flattering@example.com,1
dares,dares@example.com,3
unfitness,unfitness@example.com,1
longer,longer@example.com,2
crow,crow@example.com,1
roundest,roundest@example.com,1
pranks,pranks@example.com,1
cracked,cracked@example.com,1
twinkled,twinkled@example.com,1
mantle,mantle@example.com,1
shod,shod@example.com,1
incestuous,incestuous@example.com,1
frown,frown@example.com,3
hence,hence@example.com,11
delicate,delicate@example.com,3
fancy,fancy@example.com,2
rent,rent@example.com,1
cast,cast@example.com,6
shirts,shirts@example.com,1
Pur,Pur@example.com,1
generation,generation@example.com,1
apothecary,apothecary@example.com,1
moon,moon@example.com,7
flesh,flesh@example.com,10
name,name@example.com,15
bleak,bleak@example.com,1
Lost,Lost@example.com,1
moisten,moisten@example.com,1
cruels,cruels@example.com,1
tailors,tailors@example.com,1
reprieve,reprieve@example.com,1
shut,shut@example.com,1
diamonds,diamonds@example.com,1
kneeling,kneeling@example.com,1
Louder,Louder@example.com,1
erwhelm,erwhelm@example.com,1
revenges,revenges@example.com,2
bows,bows@example.com,1
important,important@example.com,1
largest,largest@example.com,1
patient,patient@example.com,4
sap,sap@example.com,1
also,also@example.com,1
Diminish,Diminish@example.com,1
rest,rest@example.com,11
guests,guests@example.com,2
unprized,unprized@example.com,1
sects,sects@example.com,1
bar,bar@example.com,3
bay,bay@example.com,1
Sound,Sound@example.com,2
How,How@example.com,45
abuse,abuse@example.com,1
dead,dead@example.com,16
servant,servant@example.com,8
wheat,wheat@example.com,1
medicine,medicine@example.com,2
sixth,sixth@example.com,1
validity,validity@example.com,1
bed,bed@example.com,8
depositaries,depositaries@example.com,1
vines,vines@example.com,1
halters,halters@example.com,1
however,however@example.com,1
deed,deed@example.com,1
liking,liking@example.com,2
sir,sir@example.com,94
instructs,instructs@example.com,1
living,living@example.com,1
ballow,ballow@example.com,1
stroke,stroke@example.com,2
farmer,farmer@example.com,1
avoid,avoid@example.com,1
bid,bid@example.com,5
counsels,counsels@example.com,1
Harbour,Harbour@example.com,1
vain,vain@example.com,3
Which,Which@example.com,34
spleen,spleen@example.com,1
join,join@example.com,1
breeding,breeding@example.com,3
Catch,Catch@example.com,1
bastardizing,bastardizing@example.com,1
highness,highness@example.com,8
Prithee,Prithee@example.com,7
extremes,extremes@example.com,1
discovery,discovery@example.com,1
several,several@example.com,2
Told,Told@example.com,2
steeples,steeples@example.com,1
office,office@example.com,5
stands,stands@example.com,6
mutations,mutations@example.com,1
panting,panting@example.com,1
lust,lust@example.com,6
Aloof,Aloof@example.com,1
madest,madest@example.com,1
spy,spy@example.com,2
behind,behind@example.com,5
bow,bow@example.com,3
auspicious,auspicious@example.com,1
savage,savage@example.com,1
Commend,Commend@example.com,1
quarrel,quarrel@example.com,5
Along,Along@example.com,1
pains,pains@example.com,1
stool,stool@example.com,1
horrible,horrible@example.com,2
pleasure,pleasure@example.com,7
miserable,miserable@example.com,1
masts,masts@example.com,1
pities,pities@example.com,1
sub,sub@example.com,1
curtains,curtains@example.com,1
sue,sue@example.com,1
silent,silent@example.com,2
whirlwinds,whirlwinds@example.com,1
hill,hill@example.com,4
stones,stones@example.com,3
brutish,brutish@example.com,2
quest,quest@example.com,1
noises,noises@example.com,1
Tooth,Tooth@example.com,1
extreme,extreme@example.com,1
General,General@example.com,1
sing,sing@example.com,2
doing,doing@example.com,2
horns,horns@example.com,1
compulsion,compulsion@example.com,1
figure,figure@example.com,1
nights,nights@example.com,1
children,children@example.com,4
dreadful,dreadful@example.com,3
between,between@example.com,9
guide,guide@example.com,1
monsters,monsters@example.com,3
aright,aright@example.com,2
brazed,brazed@example.com,1
weak,weak@example.com,3
knaves,knaves@example.com,3
derive,derive@example.com,1
brazen,brazen@example.com,1
token,token@example.com,1
When,When@example.com,40
scarce,scarce@example.com,7
argument,argument@example.com,1
raineth,raineth@example.com,1
goal,goal@example.com,1
natures,natures@example.com,1
Arraign,Arraign@example.com,1
Advise,Advise@example.com,2
Throwing,Throwing@example.com,2
covering,covering@example.com,1
fled,fled@example.com,2
hair,hair@example.com,3
tune,tune@example.com,1
sparrow,sparrow@example.com,1
motion,motion@example.com,1
fearful,fearful@example.com,2
arguments,arguments@example.com,1
scared,scared@example.com,1
legs,legs@example.com,4
imperfect,imperfect@example.com,2
tyrannous,tyrannous@example.com,1
yourselves,yourselves@example.com,1
A,A@example.com,51
O,O@example.com,82
I,I@example.com,708
same,same@example.com,10
hand,hand@example.com,26
approves,approves@example.com,2
i,i@example.com,25
m,m@example.com,1
throw,throw@example.com,3
thank,thank@example.com,8
thy,thy@example.com,141
Light,Light@example.com,1
besides,besides@example.com,2
suffered,suffered@example.com,1
salutations,salutations@example.com,1
applied,applied@example.com,1
plenteous,plenteous@example.com,1
marjoram,marjoram@example.com,1
patiently,patiently@example.com,1
hard,hard@example.com,9
anchoring,anchoring@example.com,1
Unmerciful,Unmerciful@example.com,1
struck,struck@example.com,3
hath,hath@example.com,52
Peruse,Peruse@example.com,1
hast,hast@example.com,21
bereaved,bereaved@example.com,1
trusty,trusty@example.com,1
half,half@example.com,12
noise,noise@example.com,3
spout,spout@example.com,2
honesty,honesty@example.com,3
firmament,firmament@example.com,1
walks,walks@example.com,1
capital,capital@example.com,1
dunghill,dunghill@example.com,2
cow,cow@example.com,1
raise,raise@example.com,1
tower,tower@example.com,1
law,law@example.com,5
Brought,Brought@example.com,1
Hearing,Hearing@example.com,1
rarity,rarity@example.com,1
trusts,trusts@example.com,1
troop,troop@example.com,2
times,times@example.com,2
That,That@example.com,105
incurr,incurr@example.com,1
caught,caught@example.com,2
prey,prey@example.com,2
clamour,clamour@example.com,3
falchion,falchion@example.com,1
supply,supply@example.com,1
cares,cares@example.com,2
concealment,concealment@example.com,1
pack,pack@example.com,1
cue,cue@example.com,1
thirty,thirty@example.com,1
Art,Art@example.com,1
two,two@example.com,23
clay,clay@example.com,1
Haply,Haply@example.com,1
stench,stench@example.com,1
Run,Run@example.com,1
They,They@example.com,15
clap,clap@example.com,1
clipp,clipp@example.com,1
lie,lie@example.com,7
shook,shook@example.com,1
roughness,roughness@example.com,1
doubt,doubt@example.com,1
blooded,blooded@example.com,2
These,These@example.com,6
lecher,lecher@example.com,2
banish,banish@example.com,5
Detested,Detested@example.com,1
bellow,bellow@example.com,1
anon,anon@example.com,1
teem,teem@example.com,1
dishonour,dishonour@example.com,1
geese,geese@example.com,1
short,short@example.com,4
climb,climb@example.com,1
Gracious,Gracious@example.com,1
guessingly,guessingly@example.com,1
threw,threw@example.com,1
sorrows,sorrows@example.com,3
afar,afar@example.com,1
means,means@example.com,12
tutors,tutors@example.com,1
Thou,Thou@example.com,45
blown,blown@example.com,2
hound,hound@example.com,1
Twixt,Twixt@example.com,1
furr,furr@example.com,1
speedy,speedy@example.com,4
compact,compact@example.com,2
shown,shown@example.com,2
sparks,sparks@example.com,1
majesty,majesty@example.com,8
nimble,nimble@example.com,2
done,done@example.com,15
Trumpets,Trumpets@example.com,1
part,part@example.com,13
Blow,Blow@example.com,1
declining,declining@example.com,1
assure,assure@example.com,1
entertained,entertained@example.com,1
fellowship,fellowship@example.com,1
persuades,persuades@example.com,1
contracted,contracted@example.com,2
Whither,Whither@example.com,1
path,path@example.com,1
dote,dote@example.com,1
Albany,Albany@example.com,9
whipped,whipped@example.com,7
Here,Here@example.com,13
wolvish,wolvish@example.com,1
virtues,virtues@example.com,2
bodies,bodies@example.com,2
adjoining,adjoining@example.com,1
See,See@example.com,4
Your,Your@example.com,20
repeals,repeals@example.com,1
grumble,grumble@example.com,1
Withold,Withold@example.com,1
divisions,divisions@example.com,2
rigor,rigor@example.com,1
taught,taught@example.com,1
bird,bird@example.com,1
fastened,fastened@example.com,1
occasions,occasions@example.com,1
distract,distract@example.com,1
back,back@example.com,12
beggarly,beggarly@example.com,1
Lady,Lady@example.com,2
company,company@example.com,4
month,month@example.com,2
Sir,Sir@example.com,21
unnumber,unnumber@example.com,1
dialect,dialect@example.com,1
dearer,dearer@example.com,3
Effects,Effects@example.com,1
curst,curst@example.com,1
Spake,Spake@example.com,1
dearly,dearly@example.com,1
knots,knots@example.com,1
benison,benison@example.com,2
bags,bags@example.com,1
curse,curse@example.com,4
tailor,tailor@example.com,3
brim,brim@example.com,1
grudge,grudge@example.com,1
forward,forward@example.com,1
may,may@example.com,45
warlike,warlike@example.com,1
obscured,obscured@example.com,1
tithing,tithing@example.com,2
nursing,nursing@example.com,1
CURAN,CURAN@example.com,6
cries,cries@example.com,2
bearing,bearing@example.com,2
becomes,becomes@example.com,1
lists,lists@example.com,1
hither,hither@example.com,15
justification,justification@example.com,1
bald,bald@example.com,1
make,make@example.com,46
stake,stake@example.com,2
due,due@example.com,4
clotpoll,clotpoll@example.com,1
inform,inform@example.com,6
twas,twas@example.com,3
character,character@example.com,2
above,above@example.com,5
stick,stick@example.com,2
erlook,erlook@example.com,1
benefit,benefit@example.com,1
malt,malt@example.com,1
breaches,breaches@example.com,1
remember,remember@example.com,6
shelter,shelter@example.com,1
cuts,cuts@example.com,1
Horrible,Horrible@example.com,1
childhood,childhood@example.com,1
many,many@example.com,12
Centaurs,Centaurs@example.com,1
vurther,vurther@example.com,1
sever,sever@example.com,1
kennel,kennel@example.com,1
bark,bark@example.com,3
bridges,bridges@example.com,1
beard,beard@example.com,8
flying,flying@example.com,1
wont,wont@example.com,2
knocks,knocks@example.com,1
Vaunt,Vaunt@example.com,1
beast,beast@example.com,3
Attendants,Attendants@example.com,8
precipitating,precipitating@example.com,1
apply,apply@example.com,1
money,money@example.com,4
Burning,Burning@example.com,1
Tigers,Tigers@example.com,1
Beware,Beware@example.com,1
spotted,spotted@example.com,1
fickle,fickle@example.com,1
uncaught,uncaught@example.com,1
packs,packs@example.com,1
bawds,bawds@example.com,1
mate,mate@example.com,2
confederacy,confederacy@example.com,1
invades,invades@example.com,1
ourselves,ourselves@example.com,1
believed,believed@example.com,1
repent,repent@example.com,1
Allows,Allows@example.com,1
soldier,soldier@example.com,1
prepared,prepared@example.com,1
mysteries,mysteries@example.com,1
Can,Can@example.com,2
assaulted,assaulted@example.com,1
weaves,weaves@example.com,1
Bear,Bear@example.com,3
spherical,spherical@example.com,1
jovial,jovial@example.com,1
walking,walking@example.com,1
choler,choler@example.com,1
music,music@example.com,2
neat,neat@example.com,1
dealing,dealing@example.com,1
least,least@example.com,6
guess,guess@example.com,1
Where,Where@example.com,25
pilferings,pilferings@example.com,1
Juno,Juno@example.com,1
swimming,swimming@example.com,1
Ay,Ay@example.com,18
Been,Been@example.com,1
sweet,sweet@example.com,9
evidence,evidence@example.com,1
neck,neck@example.com,3
amity,amity@example.com,1
waterish,waterish@example.com,1
cruel,cruel@example.com,3
hurricanoes,hurricanoes@example.com,1
kindly,kindly@example.com,1
Do,Do@example.com,23
ride,ride@example.com,4
rises,rises@example.com,1
Laying,Laying@example.com,1
rich,rich@example.com,4
shaft,shaft@example.com,1
occupation,occupation@example.com,1
called,called@example.com,1
told,told@example.com,9
tenderly,tenderly@example.com,1
proceedings,proceedings@example.com,1
IV,IV@example.com,11
wrathful,wrathful@example.com,1
Too,Too@example.com,2
In,In@example.com,30
punished,punished@example.com,1
private,private@example.com,1
Meantime,Meantime@example.com,1
gainst,gainst@example.com,7
displeasure,displeasure@example.com,7
undertake,undertake@example.com,1
Rather,Rather@example.com,1
liest,liest@example.com,2
followers,followers@example.com,3
spied,spied@example.com,1
endow,endow@example.com,1
running,running@example.com,2
coxcombs,coxcombs@example.com,3
Ne,Ne@example.com,1
employment,employment@example.com,2
Led,Led@example.com,1
foulness,foulness@example.com,1
cheese,cheese@example.com,1
Find,Find@example.com,2
remain,remain@example.com,3
voices,voices@example.com,1
OSWALD,OSWALD@example.com,53
wanted,wanted@example.com,1
silks,silks@example.com,1
dandy,dandy@example.com,1
cotes,cotes@example.com,1
schoolmasters,schoolmasters@example.com,1
silly,silly@example.com,1
such,such@example.com,39
Detains,Detains@example.com,1
suck,suck@example.com,1
defiles,defiles@example.com,1
Hobbididence,Hobbididence@example.com,1
huge,huge@example.com,1
To,To@example.com,142
VI,VI@example.com,2
pined,pined@example.com,1
craft,craft@example.com,1
blind,blind@example.com,5
nearly,nearly@example.com,1
news,news@example.com,7
impose,impose@example.com,1
Trust,Trust@example.com,1
war,war@example.com,2
quickly,quickly@example.com,3
window,window@example.com,1
Within,Within@example.com,2
instruments,instruments@example.com,1
catch,catch@example.com,1
pitiful,pitiful@example.com,1
double,double@example.com,1
study,study@example.com,3
suit,suit@example.com,1
Gallow,Gallow@example.com,1
dower,dower@example.com,2
wed,wed@example.com,1
physician,physician@example.com,1
Alive,Alive@example.com,1
wet,wet@example.com,2
gain,gain@example.com,1
pleased,pleased@example.com,2
songs,songs@example.com,1
Intelligence,Intelligence@example.com,1
widow,widow@example.com,2
bootless,bootless@example.com,1
suns,suns@example.com,1
Alack,Alack@example.com,13
hangs,hangs@example.com,1
Turlygod,Turlygod@example.com,1
fed,fed@example.com,1
malady,malady@example.com,1
drinks,drinks@example.com,1
coining,coining@example.com,1
ungracious,ungracious@example.com,1
Obidicut,Obidicut@example.com,1
damned,damned@example.com,1
Reverbs,Reverbs@example.com,1
Stocks,Stocks@example.com,1
pitiless,pitiless@example.com,1
sure,sure@example.com,8
grow,grow@example.com,6
pension,pension@example.com,1
perdu,perdu@example.com,1
fold,fold@example.com,1
frank,frank@example.com,1
prove,prove@example.com,8
by,by@example.com,69
fool,fool@example.com,47
Did,Did@example.com,4
kibes,kibes@example.com,1
breathe,breathe@example.com,1
Father,Father@example.com,1
Stocking,Stocking@example.com,1
which,which@example.com,44
methought,methought@example.com,1
worsted,worsted@example.com,1
de,de@example.com,6
perdy,perdy@example.com,1
manhood,manhood@example.com,2
briefness,briefness@example.com,1
usurp,usurp@example.com,1
for,for@example.com,125
fox,fox@example.com,3
prophecy,prophecy@example.com,2
rats,rats@example.com,2
recreant,recreant@example.com,1
rash,rash@example.com,2
thence,thence@example.com,1
fork,fork@example.com,1
ho,ho@example.com,12
False,False@example.com,2
neglect,neglect@example.com,3
else,else@example.com,10
divine,divine@example.com,1
alteration,alteration@example.com,1
upbraids,upbraids@example.com,1
banners,banners@example.com,1
subscription,subscription@example.com,1
oily,oily@example.com,1
vassal,vassal@example.com,1
draw,draw@example.com,14
Dry,Dry@example.com,1
ld,ld@example.com,10
oft,oft@example.com,6
Exasperates,Exasperates@example.com,1
jarring,jarring@example.com,1
mi,mi@example.com,1
wrench,wrench@example.com,1
Curan,Curan@example.com,1
perchance,perchance@example.com,4
prediction,prediction@example.com,2
malice,malice@example.com,1
Reads,Reads@example.com,3
hear,hear@example.com,22
rescue,rescue@example.com,1
Modo,Modo@example.com,2
drew,drew@example.com,2
surfeit,surfeit@example.com,1
discerns,discerns@example.com,1
convenience,convenience@example.com,1
promised,promised@example.com,1
tripped,tripped@example.com,2
Remember,Remember@example.com,2
then,then@example.com,34
CORNWALL,CORNWALL@example.com,63
seek,seek@example.com,16
parricides,parricides@example.com,1
so,so@example.com,113
lecherous,lecherous@example.com,1
one,one@example.com,40
Quickly,Quickly@example.com,1
dismantle,dismantle@example.com,1
acquaint,acquaint@example.com,1
closet,closet@example.com,2
ruled,ruled@example.com,2
up,up@example.com,32
praised,praised@example.com,2
upright,upright@example.com,1
avouch,avouch@example.com,1
ingenious,ingenious@example.com,1
thin,thin@example.com,1
changes,changes@example.com,1
curfew,curfew@example.com,1
praises,praises@example.com,1
heir,heir@example.com,1
debosh,debosh@example.com,1
deeper,deeper@example.com,1
plagues,plagues@example.com,2
terms,terms@example.com,2
asleep,asleep@example.com,3
hides,hides@example.com,1
oaths,oaths@example.com,1
Those,Those@example.com,2
distribution,distribution@example.com,1
noon,noon@example.com,3
Either,Either@example.com,2
deeply,deeply@example.com,1
dark,dark@example.com,7
brain,brain@example.com,2
thou,thou@example.com,184
blot,blot@example.com,1
Bore,Bore@example.com,1
sound,sound@example.com,9
King,King@example.com,3
climbing,climbing@example.com,1
Halloo,Halloo@example.com,1
proud,proud@example.com,5
unbolted,unbolted@example.com,1
Fathom,Fathom@example.com,1
note,note@example.com,4
purpose,purpose@example.com,11
necessities,necessities@example.com,1
Both,Both@example.com,4
oats,oats@example.com,1
intent,intent@example.com,6
lily,lily@example.com,1
wild,wild@example.com,4
Dukes,Dukes@example.com,1
intend,intend@example.com,3
afflict,afflict@example.com,1
sovereignty,sovereignty@example.com,1
wins,wins@example.com,1
neutral,neutral@example.com,1
wing,wing@example.com,1
lion,lion@example.com,2
sights,sights@example.com,1
miseries,miseries@example.com,2
masters,masters@example.com,2
forests,forests@example.com,1
obedient,obedient@example.com,1
wrap,wrap@example.com,1
reports,reports@example.com,1
arch,arch@example.com,1
pah,pah@example.com,2
pat,pat@example.com,1
ambition,ambition@example.com,1
lack,lack@example.com,1
authority,authority@example.com,3
child,child@example.com,12
twill,twill@example.com,2
engender,engender@example.com,1
Report,Report@example.com,1
sessa,sessa@example.com,1
taint,taint@example.com,1
named,named@example.com,2
approach,approach@example.com,2
with,with@example.com,175
period,period@example.com,2
heaved,heaved@example.com,1
purposed,purposed@example.com,2
shadowy,shadowy@example.com,1
even,even@example.com,12
twixt,twixt@example.com,3
remembers,remembers@example.com,1
ceases,ceases@example.com,1
service,service@example.com,6
almost,almost@example.com,4
Lurk,Lurk@example.com,1
champion,champion@example.com,1
stock,stock@example.com,2
beneath,beneath@example.com,1
sway,sway@example.com,3
surge,surge@example.com,1
twain,twain@example.com,4
army,army@example.com,5
replied,replied@example.com,1
lances,lances@example.com,1
attending,attending@example.com,1
vulgar,vulgar@example.com,1
sacrifices,sacrifices@example.com,1
obey,obey@example.com,5
conduct,conduct@example.com,2
bury,bury@example.com,1
reposal,reposal@example.com,1
unnaturalness,unnaturalness@example.com,1
Blanch,Blanch@example.com,1
compounded,compounded@example.com,1
must,must@example.com,44
gilded,gilded@example.com,3
About,About@example.com,1
knight,knight@example.com,1
entirely,entirely@example.com,1
prize,prize@example.com,2
banishment,banishment@example.com,3
Fourscore,Fourscore@example.com,1
honours,honours@example.com,3
school,school@example.com,1
preserved,preserved@example.com,1
diffidences,diffidences@example.com,1
last,last@example.com,8
casualties,casualties@example.com,1
has,has@example.com,11
had,had@example.com,35
frontlet,frontlet@example.com,1
weapon,weapon@example.com,1
schoolmaster,schoolmaster@example.com,1
heavens,heavens@example.com,9
Striking,Striking@example.com,2
ends,ends@example.com,1
contentious,contentious@example.com,1
Cannot,Cannot@example.com,4
sickness,sickness@example.com,1
REGAN,REGAN@example.com,86
grows,grows@example.com,3
Women,Women@example.com,1
meets,meets@example.com,1
palaces,palaces@example.com,1
Rowland,Rowland@example.com,1
gowns,gowns@example.com,1
deficient,deficient@example.com,1
light,light@example.com,4
foster,foster@example.com,1
small,small@example.com,8
visage,visage@example.com,2
Invades,Invades@example.com,1
his,his@example.com,193
Who,Who@example.com,39
flatter,flatter@example.com,2
coxcomb,coxcomb@example.com,4
Gods,Gods@example.com,1
values,values@example.com,1
thrusting,thrusting@example.com,1
Wear,Wear@example.com,1
EDMUND,EDMUND@example.com,99
Hail,Hail@example.com,3
account,account@example.com,1
glad,glad@example.com,3
been,been@example.com,29
infection,infection@example.com,1
conqueror,conqueror@example.com,1
goatish,goatish@example.com,1
you,you@example.com,404
hunting,hunting@example.com,1
entreat,entreat@example.com,6
meanest,meanest@example.com,1
comes,comes@example.com,22
hot,hot@example.com,5
Fly,Fly@example.com,1
spark,spark@example.com,1
Darest,Darest@example.com,1
vulture,vulture@example.com,1
march,march@example.com,2
dispatch,dispatch@example.com,4
robbers,robbers@example.com,1
hold,hold@example.com,17
Owes,Owes@example.com,1
Humanity,Humanity@example.com,1
For,For@example.com,31
session,session@example.com,1
blank,blank@example.com,1
trot,trot@example.com,1
shameful,shameful@example.com,1
bloody,bloody@example.com,7
halloo,halloo@example.com,1
Whereto,Whereto@example.com,1
material,material@example.com,1
answers,answers@example.com,1
fleshment,fleshment@example.com,1
soon,soon@example.com,1
Gentlemen,Gentlemen@example.com,1
Hard,Hard@example.com,1
Lend,Lend@example.com,2
pinfold,pinfold@example.com,1
fathom,fathom@example.com,2
unsightly,unsightly@example.com,1
knowest,knowest@example.com,2
within,within@example.com,16
swallows,swallows@example.com,1
pandar,pandar@example.com,1
bent,bent@example.com,2
drown,drown@example.com,1
serve,serve@example.com,9
lordship,lordship@example.com,3
Whereof,Whereof@example.com,2
Affectionate,Affectionate@example.com,1
strengths,strengths@example.com,1
true,true@example.com,14
Save,Save@example.com,3
laughter,laughter@example.com,2
sooth,sooth@example.com,1
hour,hour@example.com,5
pigmy,pigmy@example.com,1
advise,advise@example.com,3
heart,heart@example.com,49
writes,writes@example.com,1
Old,Old@example.com,13
thereat,thereat@example.com,1
ignorant,ignorant@example.com,2
something,something@example.com,7
Says,Says@example.com,1
goest,goest@example.com,2
adieu,adieu@example.com,1
heard,heard@example.com,11
honour,honour@example.com,13
unnatural,unnatural@example.com,6
people,people@example.com,5
Full,Full@example.com,1
Strong,Strong@example.com,1
leaves,leaves@example.com,2
five,five@example.com,9
thrice,thrice@example.com,1
finding,finding@example.com,1
rough,rough@example.com,2
condemn,condemn@example.com,2
guiltless,guiltless@example.com,1
wonder,wonder@example.com,2
professed,professed@example.com,1
commend,commend@example.com,2
indeed,indeed@example.com,5
loathly,loathly@example.com,1
safety,safety@example.com,2
fail,fail@example.com,2
Desire,Desire@example.com,1
pride,pride@example.com,4
unquietly,unquietly@example.com,1
Tearing,Tearing@example.com,1
Stands,Stands@example.com,4
moreover,moreover@example.com,1
Knows,Knows@example.com,1
nobleness,nobleness@example.com,1
first,first@example.com,18
spite,spite@example.com,1
from,from@example.com,83
lustre,lustre@example.com,1
ill,ill@example.com,10
bosom,bosom@example.com,5
holding,holding@example.com,1
chiding,chiding@example.com,1
bridegroom,bridegroom@example.com,1
bestow,bestow@example.com,4
endeavour,endeavour@example.com,1
round,round@example.com,1
unsettle,unsettle@example.com,1
Tell,Tell@example.com,4
score,score@example.com,1
building,building@example.com,1
ashamed,ashamed@example.com,3
pool,pool@example.com,1
untimely,untimely@example.com,1
wherefore,wherefore@example.com,2
shortly,shortly@example.com,2
mopping,mopping@example.com,1
Beyond,Beyond@example.com,2
aspect,aspect@example.com,1
Sought,Sought@example.com,1
unkindness,unkindness@example.com,4
throat,throat@example.com,1
ise,ise@example.com,1
bolted,bolted@example.com,1
fortunately,fortunately@example.com,1
moved,moved@example.com,4
offender,offender@example.com,1
act,act@example.com,5
conspiracy,conspiracy@example.com,1
swift,swift@example.com,1
groans,groans@example.com,1
treachery,treachery@example.com,2
breeds,breeds@example.com,1
sorry,sorry@example.com,4
vermin,vermin@example.com,1
Return,Return@example.com,5
crab,crab@example.com,3
Cornwall,Cornwall@example.com,14
Made,Made@example.com,3
Pierce,Pierce@example.com,1
number,number@example.com,2
odds,odds@example.com,1
Strive,Strive@example.com,1
Darkness,Darkness@example.com,1
retain,retain@example.com,2
yield,yield@example.com,2
air,air@example.com,8
Winter,Winter@example.com,1
powerful,powerful@example.com,1
equalities,equalities@example.com,1
duke,duke@example.com,18
expense,expense@example.com,1
always,always@example.com,2
border,border@example.com,1
rob,rob@example.com,1
abroad,abroad@example.com,2
casement,casement@example.com,1
wrongs,wrongs@example.com,3
potency,potency@example.com,1
comforting,comforting@example.com,1
Sweet,Sweet@example.com,2
poverty,poverty@example.com,1
gentle,gentle@example.com,3
champains,champains@example.com,1
Twas,Twas@example.com,3
Sirrah,Sirrah@example.com,4
pockets,pockets@example.com,1
boil,boil@example.com,1
patience,patience@example.com,7
notion,notion@example.com,1
perforce,perforce@example.com,5
Pre,Pre@example.com,1
offices,offices@example.com,1
whelk,whelk@example.com,1
ours,ours@example.com,2
wombed,wombed@example.com,1
herring,herring@example.com,1
dust,dust@example.com,3
Look,Look@example.com,10
bleed,bleed@example.com,5
rein,rein@example.com,1
camp,camp@example.com,4
Bring,Bring@example.com,4
boon,boon@example.com,1
Yes,Yes@example.com,8
redeems,redeems@example.com,1
Mark,Mark@example.com,3
malicious,malicious@example.com,1
defend,defend@example.com,5
shoe,shoe@example.com,1
suddenly,suddenly@example.com,2
bond,bond@example.com,4
duty,duty@example.com,9
yard,yard@example.com,1
usage,usage@example.com,1
revenged,revenged@example.com,1
incline,incline@example.com,1
Commanded,Commanded@example.com,1
Dispose,Dispose@example.com,1
princess,princess@example.com,1
trunk,trunk@example.com,2
sumpter,sumpter@example.com,1
bounds,bounds@example.com,1
Lord,Lord@example.com,1
comrade,comrade@example.com,1
labour,labour@example.com,2
more,more@example.com,75
heels,heels@example.com,4
superfluous,superfluous@example.com,2
bidding,bidding@example.com,1
reeking,reeking@example.com,1
shun,shun@example.com,2
most,most@example.com,43
kind,kind@example.com,12
minded,minded@example.com,2
menaces,menaces@example.com,1
correction,correction@example.com,1
jot,jot@example.com,1
sheep,sheep@example.com,4
compliment,compliment@example.com,2
sat,sat@example.com,1
Kneeling,Kneeling@example.com,3
increase,increase@example.com,1
You,You@example.com,59
puppet,puppet@example.com,1
front,front@example.com,1
suffer,suffer@example.com,3
Conspirant,Conspirant@example.com,1
disasters,disasters@example.com,1
disclaim,disclaim@example.com,1
personal,personal@example.com,1
globe,globe@example.com,1
eyes,eyes@example.com,38
unchaste,unchaste@example.com,1
dear,dear@example.com,20
Near,Near@example.com,1
battle,battle@example.com,6
angry,angry@example.com,1
earnest,earnest@example.com,1
pricks,pricks@example.com,1
fruitfully,fruitfully@example.com,1
Briefly,Briefly@example.com,1
deer,deer@example.com,1
capable,capable@example.com,1
deep,deep@example.com,4
wronged,wronged@example.com,1
whores,whores@example.com,1
riddle,riddle@example.com,1
false,false@example.com,6
cheque,cheque@example.com,2
mowing,mowing@example.com,1
fresh,fresh@example.com,1
descry,descry@example.com,2
counsell,counsell@example.com,1
thanks,thanks@example.com,2
big,big@example.com,1
accents,accents@example.com,1
Dower,Dower@example.com,1
alive,alive@example.com,4
Germany,Germany@example.com,1
defy,defy@example.com,1
Prove,Prove@example.com,1
Resolve,Resolve@example.com,1
bastards,bastards@example.com,1
punishment,punishment@example.com,2
thunders,thunders@example.com,1
century,century@example.com,1
constant,constant@example.com,2
scourged,scourged@example.com,1
high,high@example.com,9
anger,anger@example.com,3
sol,sol@example.com,1
kneel,kneel@example.com,2
different,different@example.com,1
reproving,reproving@example.com,1
colder,colder@example.com,2
proclaim,proclaim@example.com,5
Before,Before@example.com,7
arbitrement,arbitrement@example.com,1
chance,chance@example.com,5
loses,loses@example.com,2
control,control@example.com,2
acknowledge,acknowledge@example.com,2
earth,earth@example.com,6
Friends,Friends@example.com,1
lechers,lechers@example.com,1
Herald,Herald@example.com,6
extremity,extremity@example.com,2
compeers,compeers@example.com,1
fretful,fretful@example.com,1
sun,sun@example.com,5
apprehension,apprehension@example.com,1
ports,ports@example.com,2
offensive,offensive@example.com,1
makes,makes@example.com,13
Nero,Nero@example.com,1
store,store@example.com,1
beloved,beloved@example.com,3
Britain,Britain@example.com,2
adultress,adultress@example.com,1
unusual,unusual@example.com,1
farmhouse,farmhouse@example.com,1
bending,bending@example.com,2
once,once@example.com,9
Attendant,Attendant@example.com,4
What,What@example.com,82
hire,hire@example.com,1
Peace,Peace@example.com,5
virtue,virtue@example.com,7
gentleman,gentleman@example.com,10
speedily,speedily@example.com,2
weather,weather@example.com,2
wrath,wrath@example.com,3
Pardon,Pardon@example.com,2
PERSONAE,PERSONAE@example.com,1
deprived,deprived@example.com,2
bosoms,bosoms@example.com,1
flay,flay@example.com,1
unaccommodated,unaccommodated@example.com,1
place,place@example.com,24
courtier,courtier@example.com,1
pelican,pelican@example.com,1
cease,cease@example.com,4
elements,elements@example.com,1
Keep,Keep@example.com,3
hags,hags@example.com,1
officers,officers@example.com,1
bitch,bitch@example.com,1
tax,tax@example.com,1
testimony,testimony@example.com,1
herself,herself@example.com,4
acknowledged,acknowledged@example.com,2
weep,weep@example.com,9
ready,ready@example.com,8
Unnatural,Unnatural@example.com,1
plight,plight@example.com,2
Strike,Strike@example.com,3
clothes,clothes@example.com,2
interposes,interposes@example.com,1
pick,pick@example.com,1
fifty,fifty@example.com,4
sake,sake@example.com,2
blasts,blasts@example.com,2
left,left@example.com,8
poorly,poorly@example.com,1
Dismissing,Dismissing@example.com,1
cliff,cliff@example.com,2
S,S@example.com,1
c,c@example.com,1
V,V@example.com,6
address,address@example.com,1
blood,blood@example.com,12
straight,straight@example.com,5
plumed,plumed@example.com,1
good,good@example.com,67
Again,Again@example.com,2
others,others@example.com,6
Whom,Whom@example.com,1
beacon,beacon@example.com,1
wantons,wantons@example.com,1
thieves,thieves@example.com,1
flown,flown@example.com,1
Fool,Fool@example.com,73
infirmity,infirmity@example.com,1
Kent,Kent@example.com,20
loved,loved@example.com,8
taking,taking@example.com,7
docks,docks@example.com,1
tween,tween@example.com,2
erheard,erheard@example.com,1
Renege,Renege@example.com,1
too,too@example.com,32
have,have@example.com,194
oldness,oldness@example.com,1
additions,additions@example.com,1
cheap,cheap@example.com,1
produce,produce@example.com,2
Very,Very@example.com,2
thousand,thousand@example.com,3
All,All@example.com,17
graces,graces@example.com,2
crawl,crawl@example.com,1
employed,employed@example.com,1
lest,lest@example.com,1
intrinse,intrinse@example.com,1
suspects,suspects@example.com,1
anatomize,anatomize@example.com,1
Bench,Bench@example.com,1
pother,pother@example.com,1
generous,generous@example.com,1
says,says@example.com,6
cry,cry@example.com,9
sport,sport@example.com,3
pillow,pillow@example.com,1
Thee,Thee@example.com,4
press,press@example.com,2
snatching,snatching@example.com,1
state,state@example.com,10
opposite,opposite@example.com,2
swells,swells@example.com,1
jewels,jewels@example.com,1
cur,cur@example.com,2
weighed,weighed@example.com,1
twould,twould@example.com,2
prevented,prevented@example.com,1
Ask,Ask@example.com,3
chalky,chalky@example.com,1
services,services@example.com,5
thing,thing@example.com,21
pluck,pluck@example.com,5
Know,Know@example.com,5
unable,unable@example.com,1
blows,blows@example.com,4
This,This@example.com,51
bias,bias@example.com,1
rashness,rashness@example.com,1
each,each@example.com,4
Tripping,Tripping@example.com,1
Madman,Madman@example.com,1
gentleness,gentleness@example.com,1
hours,hours@example.com,3
supper,supper@example.com,1
manage,manage@example.com,2
marvel,marvel@example.com,4
revoked,revoked@example.com,1
Come,Come@example.com,38
season,season@example.com,1
goodman,goodman@example.com,1
flowers,flowers@example.com,2
Life,Life@example.com,1
shoot,shoot@example.com,1
gracious,gracious@example.com,1
comest,comest@example.com,1
bide,bide@example.com,1
cockney,cockney@example.com,1
contemplation,contemplation@example.com,1
Gives,Gives@example.com,1
None,None@example.com,5
Degenerate,Degenerate@example.com,1
doom,doom@example.com,2
blasting,blasting@example.com,1
Yours,Yours@example.com,1
shows,shows@example.com,2
Send,Send@example.com,1
water,water@example.com,8
savour,savour@example.com,2
whereso,whereso@example.com,1
tend,tend@example.com,2
radiant,radiant@example.com,1
Drum,Drum@example.com,1
ears,ears@example.com,1
Pointing,Pointing@example.com,3
Second,Second@example.com,4
terrors,terrors@example.com,1
fiery,fiery@example.com,2
earl,earl@example.com,4
credulous,credulous@example.com,1
pass,pass@example.com,6
going,going@example.com,8
mourning,mourning@example.com,1
eclipses,eclipses@example.com,3
smiled,smiled@example.com,1
Weary,Weary@example.com,1
banished,banished@example.com,3
mind,mind@example.com,13
Preferment,Preferment@example.com,1
stage,stage@example.com,2
breathless,breathless@example.com,1
did,did@example.com,19
lym,lym@example.com,1
adder,adder@example.com,1
hewgh,hewgh@example.com,1
stray,stray@example.com,1
expiration,expiration@example.com,1
habit,habit@example.com,1
Sit,Sit@example.com,2
deserving,deserving@example.com,2
expectation,expectation@example.com,1
foppish,foppish@example.com,1
SCENE,SCENE@example.com,27
Bid,Bid@example.com,4
stirs,stirs@example.com,2
fiend,fiend@example.com,19
travell,travell@example.com,2
conceals,conceals@example.com,1
cozener,cozener@example.com,1
cadent,cadent@example.com,1
custom,custom@example.com,1
kindness,kindness@example.com,3
houseless,houseless@example.com,2
fear,fear@example.com,16
inherit,inherit@example.com,1
served,served@example.com,2
stamp,stamp@example.com,1
known,known@example.com,11
brewers,brewers@example.com,1
knows,knows@example.com,4
leisure,leisure@example.com,2
bless,bless@example.com,3
dog,dog@example.com,12
feel,feel@example.com,10
subject,subject@example.com,3
nurse,nurse@example.com,1
likes,likes@example.com,1
Wise,Wise@example.com,1
comedy,comedy@example.com,1
attaint,attaint@example.com,1
Behold,Behold@example.com,2
Unhappy,Unhappy@example.com,1
men,men@example.com,16
Arms,Arms@example.com,1
Methought,Methought@example.com,1
lodge,lodge@example.com,1
unseal,unseal@example.com,1
worthied,worthied@example.com,1
abode,abode@example.com,1
syllable,syllable@example.com,1
oppressed,oppressed@example.com,1
brow,brow@example.com,1
Instantly,Instantly@example.com,1
sleeps,sleeps@example.com,2
received,received@example.com,5
whining,whining@example.com,1
opposed,opposed@example.com,2
into,into@example.com,18
boots,boots@example.com,1
mix,mix@example.com,1
nought,nought@example.com,2
star,star@example.com,3
wolf,wolf@example.com,4
open,open@example.com,4
smell,smell@example.com,6
valour,valour@example.com,2
deniest,deniest@example.com,1
invest,invest@example.com,1
wenches,wenches@example.com,1
felt,felt@example.com,3
look,look@example.com,16
childed,childed@example.com,1
allow,allow@example.com,2
carbonado,carbonado@example.com,1
slain,slain@example.com,3
bitter,bitter@example.com,4
Neither,Neither@example.com,1
Safer,Safer@example.com,1
politician,politician@example.com,1
Infect,Infect@example.com,1
base,base@example.com,8
squires,squires@example.com,1
Trumpet,Trumpet@example.com,1
lost,lost@example.com,7
dizzy,dizzy@example.com,1
Cordelia,Cordelia@example.com,22
love,love@example.com,50
beastly,beastly@example.com,1
word,word@example.com,13
tongue,tongue@example.com,5
throwing,throwing@example.com,1
reward,reward@example.com,2
opinion,opinion@example.com,3
devour,devour@example.com,1
Tray,Tray@example.com,1
knapped,knapped@example.com,1
discover,discover@example.com,1
subdued,subdued@example.com,2
Mean,Mean@example.com,1
hoping,hoping@example.com,1
Beat,Beat@example.com,1
derogate,derogate@example.com,1
toad,toad@example.com,2
aged,aged@example.com,3
hurtless,hurtless@example.com,1
leading,leading@example.com,1
hollowness,hollowness@example.com,2
anguish,anguish@example.com,2
desperate,desperate@example.com,2
returns,returns@example.com,2
conception,conception@example.com,1
Since,Since@example.com,4
clamorous,clamorous@example.com,1
sleep,sleep@example.com,8
behavior,behavior@example.com,1
By,By@example.com,22
stung,stung@example.com,1
Soldiers,Soldiers@example.com,7
antipathy,antipathy@example.com,1
impossibilities,impossibilities@example.com,1
surrender,surrender@example.com,1
wrote,wrote@example.com,2
knave,knave@example.com,19
cocks,cocks@example.com,1
companion,companion@example.com,1
engine,engine@example.com,1
vor,vor@example.com,2
Lipsbury,Lipsbury@example.com,1
wouldst,wouldst@example.com,5
special,special@example.com,1
swear,swear@example.com,6
slew,slew@example.com,1
shouldst,shouldst@example.com,4
darkness,darkness@example.com,4
Ho,Ho@example.com,1
allegiance,allegiance@example.com,1
Madam,Madam@example.com,6
turns,turns@example.com,3
Flibbertigibbet,Flibbertigibbet@example.com,2
Lag,Lag@example.com,1
It,It@example.com,19
boasted,boasted@example.com,1
trespasses,trespasses@example.com,1
whites,whites@example.com,1
trial,trial@example.com,2
Mend,Mend@example.com,1
undivulged,undivulged@example.com,1
tribe,tribe@example.com,1
Truly,Truly@example.com,1
My,My@example.com,56
spies,spies@example.com,2
ignobly,ignobly@example.com,1
relieve,relieve@example.com,1
France,France@example.com,22
super,super@example.com,1
stelled,stelled@example.com,1
shoulder,shoulder@example.com,1
couch,couch@example.com,1
toss,toss@example.com,1
forgiveness,forgiveness@example.com,2
waved,waved@example.com,1
himself,himself@example.com,8
another,another@example.com,9
venomously,venomously@example.com,1
shall,shall@example.com,85
horror,horror@example.com,2
amorous,amorous@example.com,1
wilful,wilful@example.com,1
absolute,absolute@example.com,1
Frateretto,Frateretto@example.com,1
boast,boast@example.com,1
So,So@example.com,28
didst,didst@example.com,5
sounded,sounded@example.com,2
detector,detector@example.com,1
aloud,aloud@example.com,1
trifle,trifle@example.com,3
summit,summit@example.com,1
faintly,faintly@example.com,1
not,not@example.com,266
dropp,dropp@example.com,1
We,We@example.com,19
greet,greet@example.com,1
summons,summons@example.com,1
flame,flame@example.com,1
issues,issues@example.com,1
stripp,stripp@example.com,1
lives,lives@example.com,9
counsel,counsel@example.com,4
feelingly,feelingly@example.com,1
cullionly,cullionly@example.com,1
youngest,youngest@example.com,3
differences,differences@example.com,2
Sorrow,Sorrow@example.com,1
unprovided,unprovided@example.com,1
relieved,relieved@example.com,2
wrong,wrong@example.com,9
wanton,wanton@example.com,1
grim,grim@example.com,1
stuff,stuff@example.com,1
Grace,Grace@example.com,1
fee,fee@example.com,1
looks,looks@example.com,6
strain,strain@example.com,2
presented,presented@example.com,1
sweeten,sweeten@example.com,1
gait,gait@example.com,2
who,who@example.com,36
faith,faith@example.com,4
dies,dies@example.com,1
ALBANY,ALBANY@example.com,68
oyster,oyster@example.com,1
Nuncle,Nuncle@example.com,1
Storm,Storm@example.com,7
thankless,thankless@example.com,1
fond,fond@example.com,3
rank,rank@example.com,3
perpendicularly,perpendicularly@example.com,1
honest,honest@example.com,7
an,an@example.com,41
proceeding,proceeding@example.com,1
sprigs,sprigs@example.com,1
extend,extend@example.com,1
consideration,consideration@example.com,1
looking,looking@example.com,2
be,be@example.com,155
suum,suum@example.com,1
peace,peace@example.com,6
whom,whom@example.com,10
fares,fares@example.com,2
Poor,Poor@example.com,11
fly,fly@example.com,5
Sometime,Sometime@example.com,1
ford,ford@example.com,1
rare,rare@example.com,1
bobtail,bobtail@example.com,1
em,em@example.com,8
knife,knife@example.com,2
needs,needs@example.com,6
garb,garb@example.com,1
mightily,mightily@example.com,1
halcyon,halcyon@example.com,1
Suspend,Suspend@example.com,1
Pour,Pour@example.com,1
hovel,hovel@example.com,7
thwart,thwart@example.com,1
Goose,Goose@example.com,1
form,form@example.com,2
publish,publish@example.com,2
feather,feather@example.com,1
he,he@example.com,146
fourscore,fourscore@example.com,1
four,four@example.com,1
lunatic,lunatic@example.com,2
metal,metal@example.com,1
gave,gave@example.com,11
in,in@example.com,273
May,May@example.com,9
Man,Man@example.com,12
avouched,avouched@example.com,1
la,la@example.com,1
if,if@example.com,47
Hecate,Hecate@example.com,1
than,than@example.com,51
torches,torches@example.com,2
lt,lt@example.com,5
fittest,fittest@example.com,1
feeling,feeling@example.com,3
me,me@example.com,229
Men,Men@example.com,2
possesses,possesses@example.com,2
Met,Met@example.com,1
of,of@example.com,447
fight,fight@example.com,5
brief,brief@example.com,3
Duke,Duke@example.com,8
wrought,wrought@example.com,1
Stretch,Stretch@example.com,1
criest,criest@example.com,1
furrow,furrow@example.com,1
tongues,tongues@example.com,2
thee,thee@example.com,135
forks,forks@example.com,1
diseases,diseases@example.com,1
twelve,twelve@example.com,1
betwixt,betwixt@example.com,4
poorest,poorest@example.com,2
seem,seem@example.com,11
seen,seen@example.com,13
Call,Call@example.com,5
necessary,necessary@example.com,1
monster,monster@example.com,3
Adultery,Adultery@example.com,1
joint,joint@example.com,1
goodliest,goodliest@example.com,1
smokes,smokes@example.com,1
waters,waters@example.com,1
ope,ope@example.com,1
valiant,valiant@example.com,2
sees,sees@example.com,2
Combine,Combine@example.com,1
pure,pure@example.com,1
life,life@example.com,35
bluntly,bluntly@example.com,1
Hopdance,Hopdance@example.com,1
teach,teach@example.com,6
Beneath,Beneath@example.com,1
allowance,allowance@example.com,2
troops,troops@example.com,1
scant,scant@example.com,2
Pursue,Pursue@example.com,1
exact,exact@example.com,1
Show,Show@example.com,1
zo,zo@example.com,1
foins,foins@example.com,1
dart,dart@example.com,1
get,get@example.com,7
According,According@example.com,1
interlude,interlude@example.com,1
amazed,amazed@example.com,1
reveal,reveal@example.com,1
yond,yond@example.com,4
corn,corn@example.com,3
rustling,rustling@example.com,1
blow,blow@example.com,2
curious,curious@example.com,1
sent,sent@example.com,5
creatures,creatures@example.com,1
owl,owl@example.com,1
send,send@example.com,8
Kind,Kind@example.com,2
Reason,Reason@example.com,1
shrill,shrill@example.com,1
follow,follow@example.com,17
will,will@example.com,113
oath,oath@example.com,4
assured,assured@example.com,2
challenge,challenge@example.com,2
Therefore,Therefore@example.com,4
Methinks,Methinks@example.com,7
framed,framed@example.com,1
unconstant,unconstant@example.com,1
Thine,Thine@example.com,1
revives,revives@example.com,1
Shows,Shows@example.com,1
wine,wine@example.com,1
misery,misery@example.com,4
lights,lights@example.com,1
flight,flight@example.com,1
speaks,speaks@example.com,3
Holla,Holla@example.com,2
adopted,adopted@example.com,1
roaring,roaring@example.com,2
deadly,deadly@example.com,2
opposeless,opposeless@example.com,1
list,list@example.com,1
kinder,kinder@example.com,1
rivals,rivals@example.com,1
methinks,methinks@example.com,1
success,success@example.com,1
wisdom,wisdom@example.com,9
sustaining,sustaining@example.com,1
victory,victory@example.com,1
perform,perform@example.com,1
there,there@example.com,57
pocket,pocket@example.com,1
flashes,flashes@example.com,1
delivered,delivered@example.com,1
pew,pew@example.com,1
birth,birth@example.com,1
unhappy,unhappy@example.com,1
heaven,heaven@example.com,9
queen,queen@example.com,5
hundred,hundred@example.com,9
Intelligent,Intelligent@example.com,1
opportunities,opportunities@example.com,1
names,names@example.com,3
equally,equally@example.com,1
garments,garments@example.com,4
suits,suits@example.com,1
servile,servile@example.com,1
pit,pit@example.com,1
affected,affected@example.com,2
Approach,Approach@example.com,1
vanquish,vanquish@example.com,1
cause,cause@example.com,13
volk,volk@example.com,1
bush,bush@example.com,1
working,working@example.com,1
lanced,lanced@example.com,1
busy,busy@example.com,1
wall,wall@example.com,4
marry,marry@example.com,5
grieve,grieve@example.com,1
sufferance,sufferance@example.com,1
bravely,bravely@example.com,1
want,want@example.com,7
demonstration,demonstration@example.com,1
fiends,fiends@example.com,2
Would,Would@example.com,9
pent,pent@example.com,1
escape,escape@example.com,1
retention,retention@example.com,1
standing,standing@example.com,1
friendship,friendship@example.com,2
forsaken,forsaken@example.com,1
resign,resign@example.com,1
things,things@example.com,10
given,given@example.com,6
Heaven,Heaven@example.com,1
wash,wash@example.com,1
flatterer,flatterer@example.com,1
maidenliest,maidenliest@example.com,1
swim,swim@example.com,1
guilts,guilts@example.com,1
warp,warp@example.com,1
harshness,harshness@example.com,1
ravish,ravish@example.com,1
heinous,heinous@example.com,1
Striving,Striving@example.com,1
wither,wither@example.com,1
Bless,Bless@example.com,5
deprive,deprive@example.com,1
hey,hey@example.com,1
bolds,bolds@example.com,1
tiny,tiny@example.com,1
stubborn,stubborn@example.com,1
Mastiff,Mastiff@example.com,1
gives,gives@example.com,7
hefted,hefted@example.com,1
henceforth,henceforth@example.com,1
Whilst,Whilst@example.com,1
flattered,flattered@example.com,1
garden,garden@example.com,1
major,major@example.com,1
beat,beat@example.com,3
suffers,suffers@example.com,3
square,square@example.com,1
hit,hit@example.com,1
hurts,hurts@example.com,1
camps,camps@example.com,1
foppery,foppery@example.com,1
general,general@example.com,4
sounds,sounds@example.com,1
encounter,encounter@example.com,1
banner,banner@example.com,1
approve,approve@example.com,2
valued,valued@example.com,2
Athenian,Athenian@example.com,1
innocent,innocent@example.com,1
safer,safer@example.com,1
murderous,murderous@example.com,2
Fled,Fled@example.com,1
borest,borest@example.com,1
hog,hog@example.com,1
court,court@example.com,4
vanity,vanity@example.com,1
fordone,fordone@example.com,1
spare,spare@example.com,1
chin,chin@example.com,2
tells,tells@example.com,1
blast,blast@example.com,2
abused,abused@example.com,7
answer,answer@example.com,17
shamed,shamed@example.com,1
cutpurses,cutpurses@example.com,1
serviceable,serviceable@example.com,2
vault,vault@example.com,1
rosemary,rosemary@example.com,1
confusion,confusion@example.com,2
Well,Well@example.com,12
aroint,aroint@example.com,2
notice,notice@example.com,2
tame,tame@example.com,2
holp,holp@example.com,1
Whoop,Whoop@example.com,1
hope,hope@example.com,4
sons,sons@example.com,3
bend,bend@example.com,2
protest,protest@example.com,1
mell,mell@example.com,1
Topple,Topple@example.com,1
Right,Right@example.com,1
headed,headed@example.com,1
Off,Off@example.com,1
Wherein,Wherein@example.com,2
could,could@example.com,17
Mumbling,Mumbling@example.com,1
Slave,Slave@example.com,1
evening,evening@example.com,2
labouring,labouring@example.com,1
Weapons,Weapons@example.com,1
host,host@example.com,2
Lest,Lest@example.com,5
Gentleman,Gentleman@example.com,48
hears,hears@example.com,2
upward,upward@example.com,2
Pins,Pins@example.com,1
present,present@example.com,5
dangerous,dangerous@example.com,2
smile,smile@example.com,2
certainly,certainly@example.com,1
stern,stern@example.com,1
master,master@example.com,25
Each,Each@example.com,2
profess,profess@example.com,3
miscarry,miscarry@example.com,1
howl,howl@example.com,4
howe,howe@example.com,1
rude,rude@example.com,1
beholding,beholding@example.com,1
vices,vices@example.com,3
ought,ought@example.com,1
excess,excess@example.com,1
particulars,particulars@example.com,1
Couldst,Couldst@example.com,1
wears,wears@example.com,3
mere,mere@example.com,1
restrain,restrain@example.com,2
ruin,ruin@example.com,1
keeper,keeper@example.com,1
bursts,bursts@example.com,1
rule,rule@example.com,2
judging,judging@example.com,1
moonshine,moonshine@example.com,1
Aside,Aside@example.com,13
sands,sands@example.com,1
rapier,rapier@example.com,1
trill,trill@example.com,1
price,price@example.com,1
fain,fain@example.com,4
zir,zir@example.com,2
Captain,Captain@example.com,12
defuse,defuse@example.com,1
cushions,cushions@example.com,1
diest,diest@example.com,1
fall,fall@example.com,9
Holds,Holds@example.com,1
Stand,Stand@example.com,4
sword,sword@example.com,17
threading,threading@example.com,1
runs,runs@example.com,5
chamber,chamber@example.com,2
smells,smells@example.com,1
halter,halter@example.com,1
Fields,Fields@example.com,1
ingrateful,ingrateful@example.com,2
winds,winds@example.com,5
pomp,pomp@example.com,1
superflux,superflux@example.com,1
value,value@example.com,1
horses,horses@example.com,6
fumiter,fumiter@example.com,1
fare,fare@example.com,5
Pass,Pass@example.com,1
scorn,scorn@example.com,1
harms,harms@example.com,3
needful,needful@example.com,2
yeoman,yeoman@example.com,3
pearls,pearls@example.com,1
paper,paper@example.com,7
pendulous,pendulous@example.com,1
vengeances,vengeances@example.com,1
blamed,blamed@example.com,1
French,French@example.com,2
practised,practised@example.com,2
fast,fast@example.com,2
oppression,oppression@example.com,1
Past,Past@example.com,1
therewithal,therewithal@example.com,1
red,red@example.com,1
weeds,weeds@example.com,3
nuptial,nuptial@example.com,1
add,add@example.com,1
mutual,mutual@example.com,1
trust,trust@example.com,6
therefore,therefore@example.com,3
prevent,prevent@example.com,2
strikes,strikes@example.com,1
Down,Down@example.com,2
message,message@example.com,1
misconstruction,misconstruction@example.com,1
age,age@example.com,11
slack,slack@example.com,2
rip,rip@example.com,1
port,port@example.com,1
urged,urged@example.com,1
defects,defects@example.com,1
nighted,nighted@example.com,1
drench,drench@example.com,1
Myself,Myself@example.com,2
boat,boat@example.com,1
future,future@example.com,1
Dwells,Dwells@example.com,1
Fear,Fear@example.com,1
Untimely,Untimely@example.com,1
dukes,dukes@example.com,4
pregnant,pregnant@example.com,2
favour,favour@example.com,6
headlong,headlong@example.com,1
simples,simples@example.com,1
Faith,Faith@example.com,2
any,any@example.com,18
Edmund,Edmund@example.com,32
filth,filth@example.com,1
Hangs,Hangs@example.com,1
naught,naught@example.com,1
goodness,goodness@example.com,3
deeds,deeds@example.com,1
Albion,Albion@example.com,1
letter,letter@example.com,27
poisons,poisons@example.com,1
quarrels,quarrels@example.com,1
devil,devil@example.com,1
where,where@example.com,31
Had,Had@example.com,5
art,art@example.com,40
Great,Great@example.com,2
ass,ass@example.com,2
either,either@example.com,4
mouse,mouse@example.com,1
alarum,alarum@example.com,1
machinations,machinations@example.com,1
Messengers,Messengers@example.com,1
knives,knives@example.com,1
worse,worse@example.com,9
bold,bold@example.com,4
worst,worst@example.com,10
debate,debate@example.com,1
trotting,trotting@example.com,1
Yet,Yet@example.com,8
benefits,benefits@example.com,1
show,show@example.com,11
renounce,renounce@example.com,1
substance,substance@example.com,2
learned,learned@example.com,3
Election,Election@example.com,1
indiscretion,indiscretion@example.com,1
rebel,rebel@example.com,2
Sharp,Sharp@example.com,1
subscribed,subscribed@example.com,2
Worthy,Worthy@example.com,1
vouchsafe,vouchsafe@example.com,1
creaking,creaking@example.com,1
truly,truly@example.com,3
III,III@example.com,12
Prescribe,Prescribe@example.com,1
aye,aye@example.com,1
waist,waist@example.com,1
guard,guard@example.com,4
alms,alms@example.com,1
epicurism,epicurism@example.com,1
born,born@example.com,5
spurs,spurs@example.com,1
varlet,varlet@example.com,2
persevere,persevere@example.com,1
simple,simple@example.com,2
dissipation,dissipation@example.com,1
revenging,revenging@example.com,1
roused,roused@example.com,1
Love,Love@example.com,3
corrupter,corrupter@example.com,1
Shall,Shall@example.com,14
Shalt,Shalt@example.com,1
clout,clout@example.com,2
saw,saw@example.com,5
say,say@example.com,36
gets,gets@example.com,1
boys,boys@example.com,1
Occasions,Occasions@example.com,1
Conceive,Conceive@example.com,1
offer,offer@example.com,4
portend,portend@example.com,2
perpetual,perpetual@example.com,2
attask,attask@example.com,1
plant,plant@example.com,1
drive,drive@example.com,2
vantage,vantage@example.com,1
see,see@example.com,49
Gloucester,Gloucester@example.com,36
words,words@example.com,9
ACT,ACT@example.com,26
kite,kite@example.com,1
Contending,Contending@example.com,1
beauty,beauty@example.com,2
she,she@example.com,48
parts,parts@example.com,3
debt,debt@example.com,1
unruly,unruly@example.com,1
duties,duties@example.com,3
clears,clears@example.com,1
smilets,smilets@example.com,1
wanderers,wanderers@example.com,1
wreath,wreath@example.com,1
cleaving,cleaving@example.com,1
Gainst,Gainst@example.com,1
tyrant,tyrant@example.com,1
realm,realm@example.com,2
bin,bin@example.com,2
gossamer,gossamer@example.com,1
large,large@example.com,2
bound,bound@example.com,8
sky,sky@example.com,1
Wounds,Wounds@example.com,1
foolish,foolish@example.com,4
thinking,thinking@example.com,1
Sepulchring,Sepulchring@example.com,1
strove,strove@example.com,1
waywardness,waywardness@example.com,1
duteous,duteous@example.com,1
change,change@example.com,5
powers,powers@example.com,8
cursed,cursed@example.com,1
outrage,outrage@example.com,1
posts,posts@example.com,1
scanted,scanted@example.com,2
godson,godson@example.com,1
levied,levied@example.com,1
durst,durst@example.com,4
beget,beget@example.com,2
sop,sop@example.com,1
unbutton,unbutton@example.com,1
parents,parents@example.com,1
Whiles,Whiles@example.com,2
curses,curses@example.com,1
ldst,ldst@example.com,2
cross,cross@example.com,1
tenth,tenth@example.com,1
stood,stood@example.com,5
ponder,ponder@example.com,1
handles,handles@example.com,1
drawn,drawn@example.com,5
deny,deny@example.com,4
morning,morning@example.com,1
lusty,lusty@example.com,2
conditions,conditions@example.com,2
daughter,daughter@example.com,30
undistinguish,undistinguish@example.com,1
plainly,plainly@example.com,1
storm,storm@example.com,9
threatened,threatened@example.com,1
discerning,discerning@example.com,1
Denied,Denied@example.com,1
dislike,dislike@example.com,3
inflamed,inflamed@example.com,1
consort,consort@example.com,1
passion,passion@example.com,4
sinn,sinn@example.com,1
packings,packings@example.com,1
Drawing,Drawing@example.com,1
BURGUNDY,BURGUNDY@example.com,8
kin,kin@example.com,1
prisoners,prisoners@example.com,2
mingled,mingled@example.com,1
skirted,skirted@example.com,1
inched,inched@example.com,1
seconds,seconds@example.com,1
teeth,teeth@example.com,1
rightly,rightly@example.com,2
dissuaded,dissuaded@example.com,1
following,following@example.com,5
wear,wear@example.com,9
gods,gods@example.com,25
parel,parel@example.com,1
flat,flat@example.com,1
sits,sits@example.com,1
observation,observation@example.com,1
tremble,tremble@example.com,1
miracles,miracles@example.com,1
leavetaking,leavetaking@example.com,1
flattery,flattery@example.com,1
plain,plain@example.com,9
should,should@example.com,38
regards,regards@example.com,1
safe,safe@example.com,4
chanced,chanced@example.com,1
favours,favours@example.com,1
can,can@example.com,37
Sunshine,Sunshine@example.com,1
illustrious,illustrious@example.com,1
player,player@example.com,1
fault,fault@example.com,7
cools,cools@example.com,1
mistaking,mistaking@example.com,1
Pinion,Pinion@example.com,1
ten,ten@example.com,1
opulent,opulent@example.com,1
require,require@example.com,2
object,object@example.com,3
Sure,Sure@example.com,2
telling,telling@example.com,1
gold,gold@example.com,2
a,a@example.com,366
hemlock,hemlock@example.com,1
e,e@example.com,5
tatter,tatter@example.com,1
the,the@example.com,786
Cover,Cover@example.com,1
t,t@example.com,43
razed,razed@example.com,1
empty,empty@example.com,1
serious,serious@example.com,2
che,che@example.com,1
abated,abated@example.com,1
gone,gone@example.com,17
hark,hark@example.com,1
provided,provided@example.com,1
motive,motive@example.com,1
better,better@example.com,26
well,well@example.com,56
Age,Age@example.com,1
madmen,madmen@example.com,2
fierce,fierce@example.com,4
flow,flow@example.com,1
conceit,conceit@example.com,1
woman,woman@example.com,9
person,person@example.com,4
Draw,Draw@example.com,4
Corruption,Corruption@example.com,1
protection,protection@example.com,1
women,women@example.com,3
regard,regard@example.com,1
troth,troth@example.com,1
witch,witch@example.com,1
captives,captives@example.com,1
bruise,bruise@example.com,1
graced,graced@example.com,1
lay,lay@example.com,6
crave,crave@example.com,1
And,And@example.com,144
chatter,chatter@example.com,1
were,were@example.com,27
condition,condition@example.com,2
cords,cords@example.com,1
exhibition,exhibition@example.com,1
germens,germens@example.com,1
dumbness,dumbness@example.com,1
whence,whence@example.com,1
fitchew,fitchew@example.com,1
wherein,wherein@example.com,2
accuser,accuser@example.com,1
element,element@example.com,2
courtesy,courtesy@example.com,4
abhorr,abhorr@example.com,1
Angering,Angering@example.com,1
mildews,mildews@example.com,1
dread,dread@example.com,4
starve,starve@example.com,1
moment,moment@example.com,1
divorce,divorce@example.com,1
presages,presages@example.com,1
fraught,fraught@example.com,1
cub,cub@example.com,1
mistress,mistress@example.com,8
demanded,demanded@example.com,1
quit,quit@example.com,3
lip,lip@example.com,2
fellows,fellows@example.com,2
feathers,feathers@example.com,1
walls,walls@example.com,1
suited,suited@example.com,2
opposites,opposites@example.com,1
full,full@example.com,12
away,away@example.com,30
blinding,blinding@example.com,1
toucheth,toucheth@example.com,1
pain,pain@example.com,4
stars,stars@example.com,5
titles,titles@example.com,1
alight,alight@example.com,1
required,required@example.com,1
remembered,remembered@example.com,1
tenant,tenant@example.com,3
destroy,destroy@example.com,1
abjure,abjure@example.com,1
Help,Help@example.com,4
Could,Could@example.com,2
unknown,unknown@example.com,1
manners,manners@example.com,4
wealth,wealth@example.com,1
advised,advised@example.com,1
door,door@example.com,3
hanging,hanging@example.com,1
fellow,fellow@example.com,27
husband,husband@example.com,11
observants,observants@example.com,1
daughters,daughters@example.com,29
keeps,keeps@example.com,3
moons,moons@example.com,1
perceived,perceived@example.com,3
ease,ease@example.com,1
trumpets,trumpets@example.com,2
Say,Say@example.com,4
gasted,gasted@example.com,1
Wilt,Wilt@example.com,1
revenge,revenge@example.com,2
guarded,guarded@example.com,1
dearest,dearest@example.com,2
dost,dost@example.com,20
Wherefore,Wherefore@example.com,5
persuaded,persuaded@example.com,1
allay,allay@example.com,1
crack,crack@example.com,5
carefully,carefully@example.com,1
shealed,shealed@example.com,1
easy,easy@example.com,2
eats,eats@example.com,2
Set,Set@example.com,2
composition,composition@example.com,2
mine,mine@example.com,20
shoes,shoes@example.com,1
Jug,Jug@example.com,1
under,under@example.com,8
inch,inch@example.com,1
down,down@example.com,22
Confined,Confined@example.com,1
She,She@example.com,14
Because,Because@example.com,3
wretched,wretched@example.com,3
colours,colours@example.com,5
wretches,wretches@example.com,3
rather,rather@example.com,10
arraign,arraign@example.com,2
sheets,sheets@example.com,2
Tucket,Tucket@example.com,2
Scythian,Scythian@example.com,1
length,length@example.com,1
babe,babe@example.com,1
blanket,blanket@example.com,1
grant,grant@example.com,1
brothers,brothers@example.com,1
thick,thick@example.com,1
division,division@example.com,3
Even,Even@example.com,1
fools,fools@example.com,5
field,field@example.com,4
being,being@example.com,15
serves,serves@example.com,1
thief,thief@example.com,3
skip,skip@example.com,2
man,man@example.com,81
mar,mar@example.com,5
counterfeiting,counterfeiting@example.com,1
blest,blest@example.com,2
spectacles,spectacles@example.com,1
feet,feet@example.com,2
perjured,perjured@example.com,1
revenue,revenue@example.com,4
monopoly,monopoly@example.com,1
alter,alter@example.com,1
poisoned,poisoned@example.com,1
woes,woes@example.com,2
Obey,Obey@example.com,1
breath,breath@example.com,7
usurers,usurers@example.com,1
met,met@example.com,6
lendings,lendings@example.com,1
wakes,wakes@example.com,2
maledictions,maledictions@example.com,1
depend,depend@example.com,1
Must,Must@example.com,5
invention,invention@example.com,1
scornful,scornful@example.com,1
Croak,Croak@example.com,1
height,height@example.com,1
singing,singing@example.com,2
untented,untented@example.com,1
Smile,Smile@example.com,1
quality,quality@example.com,7
miscarried,miscarried@example.com,1
Ajax,Ajax@example.com,1
stiff,stiff@example.com,1
though,though@example.com,15
middle,middle@example.com,4
heavenly,heavenly@example.com,2
prosper,prosper@example.com,3
Acquaint,Acquaint@example.com,1
wool,wool@example.com,1
tread,tread@example.com,1
wrinkles,wrinkles@example.com,1
wood,wood@example.com,1
GLOUCESTER,GLOUCESTER@example.com,143
monkeys,monkeys@example.com,1
forces,forces@example.com,1
proper,proper@example.com,1
needed,needed@example.com,1
stocks,stocks@example.com,11
patron,patron@example.com,2
interest,interest@example.com,1
Flourish,Flourish@example.com,3
step,step@example.com,2
revolt,revolt@example.com,1
Pushes,Pushes@example.com,1
loss,loss@example.com,1
Maugre,Maugre@example.com,1
Smite,Smite@example.com,1
profits,profits@example.com,1
among,among@example.com,3
gorge,gorge@example.com,1
wore,wore@example.com,1
slave,slave@example.com,13
Avaunt,Avaunt@example.com,1
eat,eat@example.com,3
saucily,saucily@example.com,2
Doctor,Doctor@example.com,12
gored,gored@example.com,1
altogether,altogether@example.com,3
injuries,injuries@example.com,3
pretence,pretence@example.com,2
vex,vex@example.com,1
seems,seems@example.com,5
sojourn,sojourn@example.com,3
pebbles,pebbles@example.com,1
elder,elder@example.com,1
whispered,whispered@example.com,1
untuned,untuned@example.com,1
egg,egg@example.com,4
Ten,Ten@example.com,1
riots,riots@example.com,2
impetuous,impetuous@example.com,1
humbled,humbled@example.com,1
Am,Am@example.com,2
Authority,Authority@example.com,1
ebb,ebb@example.com,1
As,As@example.com,28
Be,Be@example.com,16
Thy,Thy@example.com,20
learn,learn@example.com,4
descent,descent@example.com,1
Tis,Tis@example.com,24
Ch,Ch@example.com,2
Monsieur,Monsieur@example.com,1
spring,spring@example.com,2
need,need@example.com,11
gather,gather@example.com,1
risen,risen@example.com,1
kindle,kindle@example.com,1
desperately,desperately@example.com,1
Looking,Looking@example.com,1
forty,forty@example.com,1
praise,praise@example.com,2
betray,betray@example.com,1
Hold,Hold@example.com,4
slightly,slightly@example.com,1
lethargied,lethargied@example.com,1
He,He@example.com,44
Go,Go@example.com,17
Tom,Tom@example.com,23
II,II@example.com,9
Exeunt,Exeunt@example.com,33
Inform,Inform@example.com,2
rights,rights@example.com,3
Is,Is@example.com,27
sharp,sharp@example.com,3
snuffs,snuffs@example.com,1
naked,naked@example.com,4
tomb,tomb@example.com,1
dissolutions,dissolutions@example.com,1
estate,estate@example.com,1
musty,musty@example.com,1
quench,quench@example.com,1
greediness,greediness@example.com,1
Cry,Cry@example.com,2
OF,OF@example.com,15
manifest,manifest@example.com,1
appetite,appetite@example.com,2
remainder,remainder@example.com,1
On,On@example.com,9
Or,Or@example.com,16
ring,ring@example.com,1
remorse,remorse@example.com,1
Howl,Howl@example.com,1
fantastically,fantastically@example.com,1
eye,eye@example.com,12
deserved,deserved@example.com,1
continent,continent@example.com,1
Royal,Royal@example.com,2
enemy,enemy@example.com,6
obeyed,obeyed@example.com,1
Re,Re@example.com,11
Persuade,Persuade@example.com,2
raiment,raiment@example.com,1
countenance,countenance@example.com,4
benediction,benediction@example.com,3
Truth,Truth@example.com,1
seeming,seeming@example.com,2
leads,leads@example.com,1
Up,Up@example.com,1
perfume,perfume@example.com,1
button,button@example.com,1
now,now@example.com,53
physic,physic@example.com,1
newt,newt@example.com,1
pinch,pinch@example.com,1
wax,wax@example.com,1
was,was@example.com,46
play,play@example.com,4
foes,foes@example.com,2
give,give@example.com,20
modest,modest@example.com,2
horrid,horrid@example.com,3
concealing,concealing@example.com,1
Hence,Hence@example.com,2
ladies,ladies@example.com,2
affliction,affliction@example.com,2
summon,summon@example.com,1
web,web@example.com,1
memories,memories@example.com,1
Revoke,Revoke@example.com,1
Speak,Speak@example.com,12
rags,rags@example.com,3
sides,sides@example.com,3
behold,behold@example.com,3
arrest,arrest@example.com,1
heretofore,heretofore@example.com,1
whip,whip@example.com,1
paramoured,paramoured@example.com,1
hunt,hunt@example.com,1
borne,borne@example.com,3
outside,outside@example.com,1
Fall,Fall@example.com,2
perceive,perceive@example.com,2
breach,breach@example.com,1
gale,gale@example.com,1
From,From@example.com,11
rail,rail@example.com,2
deformity,deformity@example.com,1
bring,bring@example.com,15
VII,VII@example.com,2
equity,equity@example.com,1
addition,addition@example.com,4
fix,fix@example.com,3
Pillicock,Pillicock@example.com,2